,Cv,G,H,U,U0,zpe
0,0.703768545406,0.48564760383,0.484678711015,0.493501906119,0.492487796377,0.984348810204
1,1.69528159185,18.0826099984,18.056658786,18.1579018403,18.1331642284,0.0031666591635
2,4.88766215386,823.027324774,824.548577462,810.430874372,812.062034312,1.73745449642e-05
3,1.34535380554,10.3024944043,10.2043019277,10.7898529063,10.6772343457,0.00250492696762
