,A,B,C,dipole,gap,homo,lumo,polar,spatialSize
0,0.0270542937675,0.00958042912728,0.0129017899139,0.287341663158,0.454336004129,0.239972610818,0.484661071673,0.736356271051,0.169207106843
1,0.768483908571,0.295098783617,0.194291830017,0.931285205555,0.0278678846757,0.0141303470953,0.0268874712167,2.89972761071,175.205170047
2,26.3555433579,7.26501046945,3.03973690879,1.66456207331,0.00124668061427,0.000374303426187,0.00114737000866,17.6918579059,64664.8884998
3,0.495218922119,0.217112308235,0.135901760139,0.709770268822,0.0233538418531,0.010264507103,0.0222734143242,2.05025512695,123.863442578
