,dipole,gap,homo,lumo,polar
0,0.239889674115,0.389141855499,0.169248460721,0.430172216901,0.702024131251
1,0.960560065101,0.0299035533656,0.0145216878904,0.0276768581952,2.95049761342
2,1.77539608335,0.0013956299345,0.000409134133702,0.00126868604813,19.995722069
3,0.740715625381,0.0259196961403,0.010366071701,0.0221030571759,1.80655944824
