,dipole,gap,homo,lumo,polar
0,0.629566432885,0.816952705277,0.736517828705,0.858320215965,0.962144909914
1,0.644347529004,0.0154192235348,0.00839368065083,0.0131971187304,0.987028278656
2,0.865224799348,0.000418208852981,0.000129761480782,0.000315441209852,2.54027234968
3,0.448286588669,0.0123206527233,0.00644316189289,0.0100831825227,0.675073852539
